<?xml version="1.0" encoding="UTF-8"?>
<beans xmlns="http://www.springframework.org/schema/beans"
	xmlns:xsi="http://www.w3.org/2001/XMLSchema-instance"
	xmlns:context="http://www.springframework.org/schema/context"
	xmlns:mybatis-spring="http://mybatis.org/schema/mybatis-spring"
	xsi:schemaLocation="http://mybatis.org/schema/mybatis-spring http://mybatis.org/schema/mybatis-spring-1.2.xsd
		http://www.springframework.org/schema/beans https://www.springframework.org/schema/beans/spring-beans.xsd
		http://www.springframework.org/schema/context http://www.springframework.org/schema/context/spring-context-4.3.xsd">

	<!-- Root Context: defines shared resources visible to all other web components -->

	<!-- Root Context: defines shared resources visible to all other web components -->
	<bean id="hikariConfig_fdc" class="com.zaxxer.hikari.HikariConfig">
		<property name="driverClassName"
			value="net.sf.log4jdbc.sql.jdbcapi.DriverSpy"></property>
		<property name="jdbcUrl"
			value="jdbc:log4jdbc:oracle:thin:@localhost:1521:orcl"></property>
		<property name="username" value="lake0019"></property>
		<property name="password" value="1234"></property>

	</bean>

	<bean id="dataSource_fdc"
		class="com.zaxxer.hikari.HikariDataSource" destroy-method="close">
		<constructor-arg ref="hikariConfig_fdc" />
	</bean>

	<bean id="sqlSessionFactory_fdc"
		class="org.mybatis.spring.SqlSessionFactoryBean">
		<property name="dataSource" ref="dataSource_fdc" />
		<property name="configLocation"
			value="classpath:mybatis/mybatis-config.xml" />
		<!-- <property name="mapperLocations" value="classpath:mappers/**/*Mapper.xml"></property> -->

	</bean>
	
	
	<mybatis-spring:scan
		base-package="com.monkey.coffee.mapper" />
		
	<context:component-scan
		base-package="com.monkey.coffee.service" />
		
</beans>
